PassengerId,Survived,Pclass,Name,Sex,Age,SibSp,Parch,Fare,Embarked
1,0,3,"Braund, Mr. Owen Harris",male,22,1,0,7.25,S
3,1,3,"Heikkinen, Miss. Laina",female,26,0,0,7.925,S
5,0,3,"Allen, Mr. William Henry",male,35,0,0,8.05,S
6,0,3,"Moran, Mr. James",male,28,0,0,8.4583,Q
9,1,3,"Johnson, Mrs. Oscar W (Elisabeth Vilhelmina Berg)",female,27,0,2,11.1333,S
10,1,2,"Nasser, Mrs. Nicholas (Adele Achem)",female,14,1,0,30.0708,C
13,0,3,"Saundercock, Mr. William Henry",male,20,0,0,8.05,S
14,0,3,"Andersson, Mr. Anders Johan",male,39,1,5,31.275,S
15,0,3,"Vestrom, Miss. Hulda Amanda Adolfina",female,14,0,0,7.8542,S
18,1,2,"Williams, Mr. Charles Eugene",male,28,0,0,13,S
19,0,3,"Vander Planke, Mrs. Julius (Emelia Maria Vandemoortele)",female,31,1,0,18,S
20,1,3,"Masselmani, Mrs. Fatima",female,28,0,0,7.225,C
21,0,2,"Fynney, Mr. Joseph J",male,35,0,0,26,S
22,1,2,"Beesley, Mr. Lawrence",male,34,0,0,13,S
23,1,3,"McGowan, Miss. Anna ""Annie""",female,15,0,0,8.0292,Q
24,1,1,"Sloper, Mr. William Thompson",male,28,0,0,35.5,S
26,1,3,"Asplund, Mrs. Carl Oscar (Selma Augusta Emilia Johansson)",female,38,1,5,31.3875,S
27,0,3,"Emir, Mr. Farred Chehab",male,28,0,0,7.225,C
29,1,3,"O'Dwyer, Miss. Ellen ""Nellie""",female,28,0,0,7.8792,Q
30,0,3,"Todoroff, Mr. Lalio",male,28,0,0,7.8958,S
31,0,1,"Uruchurtu, Don. Manuel E",male,40,0,0,27.7208,C
33,1,3,"Glynn, Miss. Mary Agatha",female,28,0,0,7.75,Q
37,1,3,"Mamee, Mr. Hanna",male,28,0,0,7.2292,C
38,0,3,"Cann, Mr. Ernest Charles",male,21,0,0,8.05,S
39,0,3,"Vander Planke, Miss. Augusta Maria",female,18,2,0,18,S
40,1,3,"Nicola-Yarred, Miss. Jamila",female,14,1,0,11.2417,C
41,0,3,"Ahlin, Mrs. Johan (Johanna Persdotter Larsson)",female,40,1,0,9.475,S
42,0,2,"Turpin, Mrs. William John Robert (Dorothy Ann Wonnacott)",female,27,1,0,21,S
43,0,3,"Kraeff, Mr. Theodor",male,28,0,0,7.8958,C
45,1,3,"Devaney, Miss. Margaret Delia",female,19,0,0,7.8792,Q
46,0,3,"Rogers, Mr. William John",male,28,0,0,8.05,S
47,0,3,"Lennon, Mr. Denis",male,28,1,0,15.5,Q
48,1,3,"O'Driscoll, Miss. Bridget",female,28,0,0,7.75,Q
49,0,3,"Samaan, Mr. Youssef",male,28,2,0,21.6792,C
50,0,3,"Arnold-Franchi, Mrs. Josef (Josefine Franchi)",female,18,1,0,17.8,S
52,0,3,"Nosworthy, Mr. Richard Cater",male,21,0,0,7.8,S
54,1,2,"Faunthorpe, Mrs. Lizzie (Elizabeth Anne Wilkinson)",female,29,1,0,26,S
56,1,1,"Woolner, Mr. Hugh",male,28,0,0,35.5,S
57,1,2,"Rugg, Miss. Emily",female,21,0,0,10.5,S
58,0,3,"Novel, Mr. Mansouer",male,28.5,0,0,7.2292,C
61,0,3,"Sirayanian, Mr. Orsen",male,22,0,0,7.2292,C
65,0,1,"Stewart, Mr. Albert A",male,28,0,0,27.7208,C
66,1,3,"Moubarek, Master. Gerios",male,28,1,1,15.2458,C
67,1,2,"Nye, Mrs. (Elizabeth Ramell)",female,29,0,0,10.5,S
68,0,3,"Crease, Mr. Ernest James",male,19,0,0,8.1583,S
69,1,3,"Andersson, Miss. Erna Alexandra",female,17,4,2,7.925,S
70,0,3,"Kink, Mr. Vincenz",male,26,2,0,8.6625,S
71,0,2,"Jenkin, Mr. Stephen Curnow",male,32,0,0,10.5,S
74,0,3,"Chronopoulos, Mr. Apostolos",male,26,1,0,14.4542,C
76,0,3,"Moen, Mr. Sigurd Hansen",male,25,0,0,7.65,S
77,0,3,"Staneff, Mr. Ivan",male,28,0,0,7.8958,S
78,0,3,"Moutal, Mr. Rahamin Haim",male,28,0,0,8.05,S
80,1,3,"Dowdell, Miss. Elizabeth",female,30,0,0,12.475,S
81,0,3,"Waelens, Mr. Achille",male,22,0,0,9,S
82,1,3,"Sheerlinck, Mr. Jan Baptist",male,29,0,0,9.5,S
83,1,3,"McDermott, Miss. Brigdet Delia",female,28,0,0,7.7875,Q
85,1,2,"Ilett, Miss. Bertha",female,17,0,0,10.5,S
86,1,3,"Backstrom, Mrs. Karl Alfred (Maria Mathilda Gustafsson)",female,33,3,0,15.85,S
87,0,3,"Ford, Mr. William Neal",male,16,1,3,34.375,S
88,0,3,"Slocovski, Mr. Selman Francis",male,28,0,0,8.05,S
90,0,3,"Celotti, Mr. Francesco",male,24,0,0,8.05,S
91,0,3,"Christmann, Mr. Emil",male,29,0,0,8.05,S
92,0,3,"Andreasson, Mr. Paul Edvin",male,20,0,0,7.8542,S
94,0,3,"Dean, Mr. Bertram Frank",male,26,1,2,20.575,S
96,0,3,"Shorney, Mr. Charles Joseph",male,28,0,0,8.05,S
99,1,2,"Doling, Mrs. John T (Ada Julia Bone)",female,34,0,1,23,S
100,0,2,"Kantor, Mr. Sinai",male,34,1,0,26,S
101,0,3,"Petranec, Miss. Matilda",female,28,0,0,7.8958,S
102,0,3,"Petroff, Mr. Pastcho (""Pentcho"")",male,28,0,0,7.8958,S
104,0,3,"Johansson, Mr. Gustaf Joel",male,33,0,0,8.6542,S
105,0,3,"Gustafsson, Mr. Anders Vilhelm",male,37,2,0,7.925,S
106,0,3,"Mionoff, Mr. Stoytcho",male,28,0,0,7.8958,S
107,1,3,"Salkjelsvik, Miss. Anna Kristine",female,21,0,0,7.65,S
108,1,3,"Moss, Mr. Albert Johan",male,28,0,0,7.775,S
109,0,3,"Rekic, Mr. Tido",male,38,0,0,7.8958,S
110,1,3,"Moran, Miss. Bertha",female,28,1,0,24.15,Q
112,0,3,"Zabour, Miss. Hileni",female,14.5,1,0,14.4542,C
113,0,3,"Barton, Mr. David John",male,22,0,0,8.05,S
114,0,3,"Jussila, Miss. Katriina",female,20,1,0,9.825,S
115,0,3,"Attalah, Miss. Malake",female,17,0,0,14.4583,C
116,0,3,"Pekoniemi, Mr. Edvard",male,21,0,0,7.925,S
118,0,2,"Turpin, Mr. William John Robert",male,29,1,0,21,S
122,0,3,"Moore, Mr. Leonard Charles",male,28,0,0,8.05,S
123,0,2,"Nasser, Mr. Nicholas",male,32.5,1,0,30.0708,C
124,1,2,"Webber, Miss. Susan",female,32.5,0,0,13,S
126,1,3,"Nicola-Yarred, Master. Elias",male,12,1,0,11.2417,C
127,0,3,"McMahon, Mr. Martin",male,28,0,0,7.75,Q
128,1,3,"Madsen, Mr. Fridtjof Arne",male,24,0,0,7.1417,S
129,1,3,"Peter, Miss. Anna",female,28,1,1,22.3583,C
130,0,3,"Ekstrom, Mr. Johan",male,45,0,0,6.975,S
131,0,3,"Drazenoic, Mr. Jozef",male,33,0,0,7.8958,C
132,0,3,"Coelho, Mr. Domingos Fernandeo",male,20,0,0,7.05,S
134,1,2,"Weisz, Mrs. Leopold (Mathilde Francoise Pede)",female,29,1,0,26,S
135,0,2,"Sobey, Mr. Samuel James Hayden",male,25,0,0,13,S
136,0,2,"Richard, Mr. Emile",male,23,0,0,15.0458,C
137,1,1,"Newsom, Miss. Helen Monypeny",female,19,0,2,26.2833,S
139,0,3,"Osen, Mr. Olaf Elon",male,16,0,0,9.2167,S
141,0,3,"Boulos, Mrs. Joseph (Sultana)",female,28,0,2,15.2458,C
142,1,3,"Nysten, Miss. Anna Sofia",female,22,0,0,7.75,S
143,1,3,"Hakkarainen, Mrs. Pekka Pietari (Elin Matilda Dolck)",female,24,1,0,15.85,S
144,0,3,"Burke, Mr. Jeremiah",male,19,0,0,6.75,Q
145,0,2,"Andrew, Mr. Edgardo Samuel",male,18,0,0,11.5,S
146,0,2,"Nicholls, Mr. Joseph Charles",male,19,1,1,36.75,S
147,1,3,"Andersson, Mr. August Edvard (""Wennerstrom"")",male,27,0,0,7.7958,S
149,0,2,"Navratil, Mr. Michel (""Louis M Hoffman"")",male,36.5,0,2,26,S
150,0,2,"Byles, Rev. Thomas Roussel Davids",male,42,0,0,13,S
154,0,3,"van Billiard, Mr. Austin Blyler",male,40.5,0,2,14.5,S
155,0,3,"Olsen, Mr. Ole Martin",male,28,0,0,7.3125,S
157,1,3,"Gilnagh, Miss. Katherine ""Katie""",female,16,0,0,7.7333,Q
158,0,3,"Corn, Mr. Harry",male,30,0,0,8.05,S
159,0,3,"Smiljanic, Mr. Mile",male,28,0,0,8.6625,S
161,0,3,"Cribb, Mr. John Hatfield",male,44,0,1,16.1,S
162,1,2,"Watt, Mrs. James (Elizabeth ""Bessie"" Inglis Milne)",female,40,0,0,15.75,S
163,0,3,"Bengtsson, Mr. John Viktor",male,26,0,0,7.775,S
164,0,3,"Calic, Mr. Jovo",male,17,0,0,8.6625,S
168,0,3,"Skoog, Mrs. William (Anna Bernhardina Karlsson)",female,45,1,4,27.9,S
169,0,1,"Baumann, Mr. John D",male,28,0,0,25.925,S
174,0,3,"Sivola, Mr. Antti Wilhelm",male,21,0,0,7.925,S
176,0,3,"Klasen, Mr. Klas Albin",male,18,1,1,7.8542,S
177,0,3,"Lefebre, Master. Henry Forbes",male,28,3,1,25.4667,S
179,0,2,"Hale, Mr. Reginald",male,30,0,0,13,S
180,0,3,"Leonard, Mr. Lionel",male,36,0,0,0,S
182,0,2,"Pernot, Mr. Rene",male,28,0,0,15.05,C
187,1,3,"O'Brien, Mrs. Thomas (Johanna ""Hannah"" Godfrey)",female,28,1,0,15.5,Q
188,1,1,"Romaine, Mr. Charles Hallace (""Mr C Rolmane"")",male,45,0,0,26.55,S
189,0,3,"Bourke, Mr. John",male,40,1,1,15.5,Q
190,0,3,"Turcin, Mr. Stjepan",male,36,0,0,7.8958,S
191,1,2,"Pinsky, Mrs. (Rosa)",female,32,0,0,13,S
192,0,2,"Carbines, Mr. William",male,19,0,0,13,S
193,1,3,"Andersen-Jensen, Miss. Carla Christine Nielsine",female,19,1,0,7.8542,S
195,1,1,"Brown, Mrs. James Joseph (Margaret Tobin)",female,44,0,0,27.7208,C
197,0,3,"Mernagh, Mr. Robert",male,28,0,0,7.75,Q
198,0,3,"Olsen, Mr. Karl Siegwart Andreas",male,42,0,1,8.4042,S
199,1,3,"Madigan, Miss. Margaret ""Maggie""",female,28,0,0,7.75,Q
200,0,2,"Yrois, Miss. Henriette (""Mrs Harbeck"")",female,24,0,0,13,S
201,0,3,"Vande Walle, Mr. Nestor Cyriel",male,28,0,0,9.5,S
203,0,3,"Johanson, Mr. Jakob Alfred",male,34,0,0,6.4958,S
204,0,3,"Youseff, Mr. Gerious",male,45.5,0,0,7.225,C
205,1,3,"Cohen, Mr. Gurshon ""Gus""",male,18,0,0,8.05,S
207,0,3,"Backstrom, Mr. Karl Alfred",male,32,1,0,15.85,S
208,1,3,"Albimona, Mr. Nassef Cassem",male,26,0,0,18.7875,C
209,1,3,"Carr, Miss. Helen ""Ellen""",female,16,0,0,7.75,Q
210,1,1,"Blank, Mr. Henry",male,40,0,0,31,C
211,0,3,"Ali, Mr. Ahmed",male,24,0,0,7.05,S
212,1,2,"Cameron, Miss. Clear Annie",female,35,0,0,21,S
213,0,3,"Perkin, Mr. John Henry",male,22,0,0,7.25,S
214,0,2,"Givard, Mr. Hans Kristensen",male,30,0,0,13,S
215,0,3,"Kiernan, Mr. Philip",male,28,1,0,7.75,Q
217,1,3,"Honkanen, Miss. Eliina",female,27,0,0,7.925,S
218,0,2,"Jacobsohn, Mr. Sidney Samuel",male,42,1,0,27,S
220,0,2,"Harris, Mr. Walter",male,30,0,0,10.5,S
221,1,3,"Sunderland, Mr. Victor Francis",male,16,0,0,8.05,S
222,0,2,"Bracken, Mr. James H",male,27,0,0,13,S
224,0,3,"Nenkoff, Mr. Christo",male,28,0,0,7.8958,S
226,0,3,"Berglund, Mr. Karl Ivar Sven",male,22,0,0,9.35,S
227,1,2,"Mellors, Mr. William John",male,19,0,0,10.5,S
228,0,3,"Lovell, Mr. John Hall (""Henry"")",male,20.5,0,0,7.25,S
229,0,2,"Fahlstrom, Mr. Arne Jonas",male,18,0,0,13,S
230,0,3,"Lefebre, Miss. Mathilde",female,28,3,1,25.4667,S
232,0,3,"Larsson, Mr. Bengt Edvin",male,29,0,0,7.775,S
235,0,2,"Leyson, Mr. Robert William Norman",male,24,0,0,10.5,S
236,0,3,"Harknett, Miss. Alice Phoebe",female,28,0,0,7.55,S
237,0,2,"Hold, Mr. Stephen",male,44,1,0,26,S
239,0,2,"Pengelly, Mr. Frederick William",male,19,0,0,10.5,S
240,0,2,"Hunt, Mr. George Henry",male,33,0,0,12.275,S
241,0,3,"Zabour, Miss. Thamine",female,28,1,0,14.4542,C
242,1,3,"Murphy, Miss. Katherine ""Kate""",female,28,1,0,15.5,Q
243,0,2,"Coleridge, Mr. Reginald Charles",male,29,0,0,10.5,S
244,0,3,"Maenpaa, Mr. Matti Alexanteri",male,22,0,0,7.125,S
245,0,3,"Attalah, Mr. Sleiman",male,30,0,0,7.225,C
247,0,3,"Lindahl, Miss. Agda Thorilda Viktoria",female,25,0,0,7.775,S
248,1,2,"Hamalainen, Mrs. William (Anna)",female,24,0,2,14.5,S
251,0,3,"Reed, Mr. James George",male,28,0,0,7.25,S
252,0,3,"Strom, Mrs. Wilhelm (Elna Matilda Persson)",female,29,1,1,10.4625,S
254,0,3,"Lobb, Mr. William Arthur",male,30,1,0,16.1,S
255,0,3,"Rosblom, Mrs. Viktor (Helena Wilhelmina)",female,41,0,2,20.2125,S
256,1,3,"Touma, Mrs. Darwis (Hanne Youssef Razi)",female,29,0,2,15.2458,C
261,0,3,"Smith, Mr. Thomas",male,28,0,0,7.75,Q
264,0,1,"Harrison, Mr. William",male,40,0,0,0,S
265,0,3,"Henry, Miss. Delia",female,28,0,0,7.75,Q
266,0,2,"Reeves, Mr. David",male,36,0,0,10.5,S
267,0,3,"Panula, Mr. Ernesti Arvid",male,16,4,1,39.6875,S
268,1,3,"Persson, Mr. Ernst Ulrik",male,25,1,0,7.775,S
271,0,1,"Cairns, Mr. Alexander",male,28,0,0,31,S
272,1,3,"Tornquist, Mr. William Henry",male,25,0,0,0,S
273,1,2,"Mellinger, Mrs. (Elizabeth Anne Maidment)",female,41,0,1,19.5,S
274,0,1,"Natsch, Mr. Charles H",male,37,0,1,29.7,C
275,1,3,"Healy, Miss. Hanora ""Nora""",female,28,0,0,7.75,Q
277,0,3,"Lindblom, Miss. Augusta Charlotta",female,45,0,0,7.75,S
278,0,2,"Parkes, Mr. Francis ""Frank""",male,28,0,0,0,S
280,1,3,"Abbott, Mrs. Stanton (Rosa Hunt)",female,35,1,1,20.25,S
282,0,3,"Olsson, Mr. Nils Johan Goransson",male,28,0,0,7.8542,S
283,0,3,"de Pelsmaeker, Mr. Alfons",male,16,0,0,9.5,S
284,1,3,"Dorking, Mr. Edward Arthur",male,19,0,0,8.05,S
285,0,1,"Smith, Mr. Richard William",male,28,0,0,26,S
286,0,3,"Stankovic, Mr. Ivan",male,33,0,0,8.6625,C
287,1,3,"de Mulder, Mr. Theodore",male,30,0,0,9.5,S
288,0,3,"Naidenoff, Mr. Penko",male,22,0,0,7.8958,S
289,1,2,"Hosono, Mr. Masabumi",male,42,0,0,13,S
290,1,3,"Connolly, Miss. Kate",female,22,0,0,7.75,Q
293,0,2,"Levy, Mr. Rene Jacques",male,36,0,0,12.875,C
294,0,3,"Haas, Miss. Aloisia",female,24,0,0,8.85,S
295,0,3,"Mineff, Mr. Ivan",male,24,0,0,7.8958,S
296,0,1,"Lewy, Mr. Ervin G",male,28,0,0,27.7208,C
297,0,3,"Hanna, Mr. Mansour",male,23.5,0,0,7.2292,C
299,1,1,"Saalfeld, Mr. Adolphe",male,28,0,0,30.5,S
301,1,3,"Kelly, Miss. Anna Katherine ""Annie Kate""",female,28,0,0,7.75,Q
302,1,3,"McCoy, Mr. Bernard",male,28,2,0,23.25,Q
303,0,3,"Johnson, Mr. William Cahoone Jr",male,19,0,0,0,S
304,1,2,"Keane, Miss. Nora A",female,28,0,0,12.35,Q
305,0,3,"Williams, Mr. Howard Hugh ""Harry""",male,28,0,0,8.05,S
309,0,2,"Abelson, Mr. Samuel",male,30,1,0,24,C
313,0,2,"Lahtinen, Mrs. William (Anna Sylfven)",female,26,1,1,26,S
314,0,3,"Hendekovic, Mr. Ignjac",male,28,0,0,7.8958,S
315,0,2,"Hart, Mr. Benjamin",male,43,1,1,26.25,S
316,1,3,"Nilsson, Miss. Helmina Josefina",female,26,0,0,7.8542,S
317,1,2,"Kantor, Mrs. Sinai (Miriam Sternin)",female,24,1,0,26,S
321,0,3,"Dennis, Mr. Samuel",male,22,0,0,7.25,S
322,0,3,"Danoff, Mr. Yoto",male,27,0,0,7.8958,S
323,1,2,"Slayter, Miss. Hilda Mary",female,30,0,0,12.35,Q
324,1,2,"Caldwell, Mrs. Albert Francis (Sylvia Mae Harbaugh)",female,22,1,1,29,S
328,1,2,"Ball, Mrs. (Ada E Hall)",female,36,0,0,13,S
329,1,3,"Goldsmith, Mrs. Frank John (Emily Alice Brown)",female,31,1,1,20.525,S
331,1,3,"McCoy, Miss. Agnes",female,28,2,0,23.25,Q
332,0,1,"Partner, Mr. Austen",male,45.5,0,0,28.5,S
334,0,3,"Vander Planke, Mr. Leo Edmondus",male,16,2,0,18,S
336,0,3,"Denkoff, Mr. Mitto",male,28,0,0,7.8958,S
339,1,3,"Dahl, Mr. Karl Edwart",male,45,0,0,8.05,S
340,0,1,"Blackwell, Mr. Stephen Weart",male,45,0,0,35.5,S
343,0,2,"Collander, Mr. Erik Gustaf",male,28,0,0,13,S
344,0,2,"Sedgwick, Mr. Charles Frederick Waddington",male,25,0,0,13,S
345,0,2,"Fox, Mr. Stanley Hubert",male,36,0,0,13,S
346,1,2,"Brown, Miss. Amelia ""Mildred""",female,24,0,0,13,S
347,1,2,"Smith, Miss. Marion Elsie",female,40,0,0,13,S
348,1,3,"Davison, Mrs. Thomas Henry (Mary E Finck)",female,28,1,0,16.1,S
350,0,3,"Dimic, Mr. Jovan",male,42,0,0,8.6625,S
351,0,3,"Odahl, Mr. Nils Martin",male,23,0,0,9.225,S
352,0,1,"Williams-Lambert, Mr. Fletcher Fellows",male,28,0,0,35,S
353,0,3,"Elias, Mr. Tannous",male,15,1,1,7.2292,C
354,0,3,"Arnold-Franchi, Mr. Josef",male,25,1,0,17.8,S
355,0,3,"Yousif, Mr. Wazli",male,28,0,0,7.225,C
356,0,3,"Vanden Steen, Mr. Leo Peter",male,28,0,0,9.5,S
358,0,2,"Funk, Miss. Annie Clemmer",female,38,0,0,13,S
359,1,3,"McGovern, Miss. Mary",female,28,0,0,7.8792,Q
360,1,3,"Mockler, Miss. Helen Mary ""Ellie""",female,28,0,0,7.8792,Q
361,0,3,"Skoog, Mr. Wilhelm",male,40,1,4,27.9,S
362,0,2,"del Carlo, Mr. Sebastiano",male,29,1,0,27.7208,C
363,0,3,"Barbara, Mrs. (Catherine David)",female,45,0,1,14.4542,C
364,0,3,"Asim, Mr. Adola",male,35,0,0,7.05,S
365,0,3,"O'Brien, Mr. Thomas",male,28,1,0,15.5,Q
366,0,3,"Adahl, Mr. Mauritz Nils Martin",male,30,0,0,7.25,S
368,1,3,"Moussa, Mrs. (Mantoura Boulos)",female,28,0,0,7.2292,C
369,1,3,"Jermyn, Miss. Annie",female,28,0,0,7.75,Q
372,0,3,"Wiklund, Mr. Jakob Alfred",male,18,1,0,6.4958,S
373,0,3,"Beavan, Mr. William Thomas",male,19,0,0,8.05,S
377,1,3,"Landergren, Miss. Aurora Adelia",female,22,0,0,7.25,S
379,0,3,"Betros, Mr. Tannous",male,20,0,0,4.0125,C
380,0,3,"Gustafsson, Mr. Karl Gideon",male,19,0,0,7.775,S
383,0,3,"Tikkanen, Mr. Juho",male,32,0,0,7.925,S
385,0,3,"Plotcharsky, Mr. Vasil",male,28,0,0,7.8958,S
388,1,2,"Buss, Miss. Kate",female,36,0,0,13,S
389,0,3,"Sadlier, Mr. Matthew",male,28,0,0,7.7292,Q
390,1,2,"Lehmann, Miss. Bertha",female,17,0,0,12,C
392,1,3,"Jansson, Mr. Carl Olof",male,21,0,0,7.7958,S
393,0,3,"Gustafsson, Mr. Johan Birger",male,28,2,0,7.925,S
395,1,3,"Sandstrom, Mrs. Hjalmar (Agnes Charlotta Bengtsson)",female,24,0,2,16.7,S
396,0,3,"Johansson, Mr. Erik",male,22,0,0,7.7958,S
397,0,3,"Olsson, Miss. Elina",female,31,0,0,7.8542,S
399,0,2,"Pain, Dr. Alfred",male,23,0,0,10.5,S
400,1,2,"Trout, Mrs. William H (Jessie L)",female,28,0,0,12.65,S
401,1,3,"Niskanen, Mr. Juha",male,39,0,0,7.925,S
402,0,3,"Adams, Mr. John",male,26,0,0,8.05,S
403,0,3,"Jussila, Miss. Mari Aina",female,21,1,0,9.825,S
404,0,3,"Hakkarainen, Mr. Pekka Pietari",male,28,1,0,15.85,S
405,0,3,"Oreskovic, Miss. Marija",female,20,0,0,8.6625,S
406,0,2,"Gale, Mr. Shadrach",male,34,1,0,21,S
409,0,3,"Birkeland, Mr. Hans Martin Monsen",male,21,0,0,7.775,S
410,0,3,"Lefebre, Miss. Ida",female,28,3,1,25.4667,S
411,0,3,"Sdycoff, Mr. Todor",male,28,0,0,7.8958,S
412,0,3,"Hart, Mr. Henry",male,28,0,0,6.8583,Q
414,0,2,"Cunningham, Mr. Alfred Fleming",male,28,0,0,0,S
415,1,3,"Sundman, Mr. Johan Julian",male,44,0,0,7.925,S
416,0,3,"Meek, Mrs. Thomas (Annie Louise Rowley)",female,28,0,0,8.05,S
417,1,2,"Drew, Mrs. James Vivian (Lulu Thorne Christian)",female,34,1,1,32.5,S
418,1,2,"Silven, Miss. Lyyli Karoliina",female,18,0,2,13,S
419,0,2,"Matthews, Mr. William John",male,30,0,0,13,S
420,0,3,"Van Impe, Miss. Catharina",female,10,0,2,24.15,S
421,0,3,"Gheorgheff, Mr. Stanio",male,28,0,0,7.8958,C
422,0,3,"Charters, Mr. David",male,21,0,0,7.7333,Q
423,0,3,"Zimmerman, Mr. Leo",male,29,0,0,7.875,S
424,0,3,"Danbom, Mrs. Ernst Gilbert (Anna Sigrid Maria Brogren)",female,28,1,1,14.4,S
425,0,3,"Rosblom, Mr. Viktor Richard",male,18,1,1,20.2125,S
426,0,3,"Wiseman, Mr. Phillippe",male,28,0,0,7.25,S
427,1,2,"Clarke, Mrs. Charles V (Ada Maria Winfield)",female,28,1,0,26,S
428,1,2,"Phillips, Miss. Kate Florence (""Mrs Kate Louise Phillips Marshall"")",female,19,0,0,26,S
429,0,3,"Flynn, Mr. James",male,28,0,0,7.75,Q
430,1,3,"Pickard, Mr. Berk (Berk Trembisky)",male,32,0,0,8.05,S
431,1,1,"Bjornstrom-Steffansson, Mr. Mauritz Hakan",male,28,0,0,26.55,S
432,1,3,"Thorneycroft, Mrs. Percival (Florence Kate White)",female,28,1,0,16.1,S
433,1,2,"Louch, Mrs. Charles Alexander (Alice Adelaide Slow)",female,42,1,0,26,S
434,0,3,"Kallio, Mr. Nikolai Erland",male,17,0,0,7.125,S
437,0,3,"Ford, Miss. Doolina Margaret ""Daisy""",female,21,2,2,34.375,S
438,1,2,"Richards, Mrs. Sidney (Emily Hocking)",female,24,2,3,18.75,S
440,0,2,"Kvillner, Mr. Johan Henrik Johannesson",male,31,0,0,10.5,S
441,1,2,"Hart, Mrs. Benjamin (Esther Ada Bloomfield)",female,45,1,1,26.25,S
442,0,3,"Hampe, Mr. Leon",male,20,0,0,9.5,S
443,0,3,"Petterson, Mr. Johan Emil",male,25,1,0,7.775,S
444,1,2,"Reynaldo, Ms. Encarnacion",female,28,0,0,13,S
445,1,3,"Johannesen-Bratthammer, Mr. Bernt",male,28,0,0,8.1125,S
447,1,2,"Mellinger, Miss. Madeleine Violet",female,13,0,1,19.5,S
448,1,1,"Seward, Mr. Frederic Kimber",male,34,0,0,26.55,S
451,0,2,"West, Mr. Edwy Arthur",male,36,1,2,27.75,S
452,0,3,"Hagland, Mr. Ingvald Olai Olsen",male,28,1,0,19.9667,S
453,0,1,"Foreman, Mr. Benjamin Laventall",male,30,0,0,27.75,C
455,0,3,"Peduzzi, Mr. Joseph",male,28,0,0,8.05,S
456,1,3,"Jalsevac, Mr. Ivan",male,29,0,0,7.8958,C
460,0,3,"O'Connor, Mr. Maurice",male,28,0,0,7.75,Q
462,0,3,"Morley, Mr. William",male,34,0,0,8.05,S
465,0,3,"Maisner, Mr. Simon",male,28,0,0,8.05,S
466,0,3,"Goncalves, Mr. Manuel Estanslas",male,38,0,0,7.05,S
467,0,2,"Campbell, Mr. William",male,28,0,0,0,S
469,0,3,"Scanlan, Mr. James",male,28,0,0,7.725,Q
471,0,3,"Keefe, Mr. Arthur",male,28,0,0,7.25,S
472,0,3,"Cacic, Mr. Luka",male,38,0,0,8.6625,S
473,1,2,"West, Mrs. Edwy Arthur (Ada Mary Worth)",female,33,1,2,27.75,S
474,1,2,"Jerwan, Mrs. Amin S (Marie Marthe Thuillard)",female,23,0,0,13.7917,C
475,0,3,"Strandberg, Miss. Ida Sofia",female,22,0,0,9.8375,S
477,0,2,"Renouf, Mr. Peter Henry",male,34,1,0,21,S
478,0,3,"Braund, Mr. Lewis Richard",male,29,1,0,7.0458,S
479,0,3,"Karlsson, Mr. Nils August",male,22,0,0,7.5208,S
482,0,2,"Frost, Mr. Anthony Wood ""Archie""",male,28,0,0,0,S
486,0,3,"Lefebre, Miss. Jeannie",female,28,3,1,25.4667,S
489,0,3,"Somerton, Mr. Francis William",male,30,0,0,8.05,S
491,0,3,"Hagland, Mr. Konrad Mathias Reiersen",male,28,1,0,19.9667,S
492,0,3,"Windelov, Mr. Einar",male,21,0,0,7.25,S
495,0,3,"Stanley, Mr. Edward Roland",male,21,0,0,8.05,S
496,0,3,"Yousseff, Mr. Gerious",male,28,0,0,14.4583,C
498,0,3,"Shellard, Mr. Frederick William",male,28,0,0,15.1,S
500,0,3,"Svensson, Mr. Olof",male,24,0,0,7.7958,S
501,0,3,"Calic, Mr. Petar",male,17,0,0,8.6625,S
502,0,3,"Canavan, Miss. Mary",female,21,0,0,7.75,Q
503,0,3,"O'Sullivan, Miss. Bridget Mary",female,28,0,0,7.6292,Q
504,0,3,"Laitinen, Miss. Kristina Sofia",female,37,0,0,9.5875,S
507,1,2,"Quick, Mrs. Frederick Charles (Jane Richards)",female,33,0,2,26,S
508,1,1,"Bradley, Mr. George (""George Arthur Brayton"")",male,28,0,0,26.55,S
509,0,3,"Olsen, Mr. Henry Margido",male,28,0,0,22.525,S
511,1,3,"Daly, Mr. Eugene Patrick",male,29,0,0,7.75,Q
512,0,3,"Webber, Mr. James",male,28,0,0,8.05,S
513,1,1,"McGough, Mr. James Robert",male,36,0,0,26.2875,S
515,0,3,"Coleff, Mr. Satio",male,24,0,0,7.4958,S
517,1,2,"Lemore, Mrs. (Amelia Milley)",female,34,0,0,10.5,S
518,0,3,"Ryan, Mr. Patrick",male,28,0,0,24.15,Q
519,1,2,"Angle, Mrs. William A (Florence ""Mary"" Agnes Hughes)",female,36,1,0,26,S
520,0,3,"Pavlovic, Mr. Stefo",male,32,0,0,7.8958,S
522,0,3,"Vovk, Mr. Janko",male,22,0,0,7.8958,S
523,0,3,"Lahoud, Mr. Sarkis",male,28,0,0,7.225,C
525,0,3,"Kassem, Mr. Fared",male,28,0,0,7.2292,C
526,0,3,"Farrell, Mr. James",male,40.5,0,0,7.75,Q
529,0,3,"Salonen, Mr. Johan Werner",male,39,0,0,7.925,S
530,0,2,"Hocking, Mr. Richard George",male,23,2,1,11.5,S
532,0,3,"Toufik, Mr. Nakli",male,28,0,0,7.2292,C
533,0,3,"Elias, Mr. Joseph Jr",male,17,1,1,7.2292,C
534,1,3,"Peter, Mrs. Catherine (Catherine Rizk)",female,28,0,2,22.3583,C
535,0,3,"Cacic, Miss. Marija",female,30,0,0,8.6625,S
537,0,1,"Butt, Major. Archibald Willingham",male,45,0,0,26.55,S
539,0,3,"Risien, Mr. Samuel Beard",male,28,0,0,14.5,S
543,0,3,"Andersson, Miss. Sigrid Elisabeth",female,11,4,2,31.275,S
544,1,2,"Beane, Mr. Edward",male,32,1,0,26,S
547,1,2,"Beane, Mrs. Edward (Ethel Clarke)",female,19,1,0,26,S
548,1,2,"Padro y Manent, Mr. Julian",male,28,0,0,13.8625,C
549,0,3,"Goldsmith, Mr. Frank John",male,33,1,1,20.525,S
552,0,2,"Sharp, Mr. Percival James R",male,27,0,0,26,S
553,0,3,"O'Brien, Mr. Timothy",male,28,0,0,7.8292,Q
554,1,3,"Leeni, Mr. Fahim (""Philip Zenni"")",male,22,0,0,7.225,C
555,1,3,"Ohman, Miss. Velin",female,22,0,0,7.775,S
560,1,3,"de Messemaeker, Mrs. Guillaume Joseph (Emma)",female,36,1,0,17.4,S
561,0,3,"Morrow, Mr. Thomas Rowan",male,28,0,0,7.75,Q
562,0,3,"Sivic, Mr. Husein",male,40,0,0,7.8958,S
563,0,2,"Norman, Mr. Robert Douglas",male,28,0,0,13.5,S
564,0,3,"Simmons, Mr. John",male,28,0,0,8.05,S
565,0,3,"Meanwell, Miss. (Marion Ogden)",female,28,0,0,8.05,S
566,0,3,"Davies, Mr. Alfred J",male,24,2,0,24.15,S
567,0,3,"Stoytcheff, Mr. Ilia",male,19,0,0,7.8958,S
568,0,3,"Palsson, Mrs. Nils (Alma Cornelia Berglund)",female,29,0,4,21.075,S
569,0,3,"Doharr, Mr. Tannous",male,28,0,0,7.2292,C
570,1,3,"Jonsson, Mr. Carl",male,32,0,0,7.8542,S
573,1,1,"Flynn, Mr. John Irwin (""Irving"")",male,36,0,0,26.3875,S
574,1,3,"Kelly, Miss. Mary",female,28,0,0,7.75,Q
575,0,3,"Rush, Mr. Alfred George John",male,16,0,0,8.05,S
576,0,3,"Patchett, Mr. George",male,19,0,0,14.5,S
577,1,2,"Garside, Miss. Ethel",female,34,0,0,13,S
579,0,3,"Caram, Mrs. Joseph (Maria Elias)",female,28,1,0,14.4583,C
580,1,3,"Jussila, Mr. Eiriik",male,32,0,0,7.925,S
581,1,2,"Christy, Miss. Julie Rachel",female,25,1,1,30,S
584,0,1,"Ross, Mr. John Hugo",male,36,0,0,40.125,C
585,0,3,"Paulner, Mr. Uscher",male,28,0,0,8.7125,C
589,0,3,"Gilinski, Mr. Eliezer",male,22,0,0,8.05,S
590,0,3,"Murdlin, Mr. Joseph",male,28,0,0,8.05,S
591,0,3,"Rintamaki, Mr. Matti",male,35,0,0,7.125,S
594,0,3,"Bourke, Miss. Mary",female,28,0,2,7.75,Q
595,0,2,"Chapman, Mr. John Henry",male,37,1,0,26,S
596,0,3,"Van Impe, Mr. Jean Baptiste",male,36,1,1,24.15,S
597,1,2,"Leitch, Miss. Jessie Wills",female,28,0,0,33,S
599,0,3,"Boulos, Mr. Hanna",male,28,0,0,7.225,C
601,1,2,"Jacobsohn, Mrs. Sidney Samuel (Amy Frances Christy)",female,24,2,1,27,S
602,0,3,"Slabenoff, Mr. Petco",male,28,0,0,7.8958,S
604,0,3,"Torber, Mr. Ernst William",male,44,0,0,8.05,S
605,1,1,"Homer, Mr. Harry (""Mr E Haven"")",male,35,0,0,26.55,C
606,0,3,"Lindell, Mr. Edvard Bengtsson",male,36,1,0,15.55,S
607,0,3,"Karaic, Mr. Milan",male,30,0,0,7.8958,S
608,1,1,"Daniel, Mr. Robert Williams",male,27,0,0,30.5,S
611,0,3,"Andersson, Mrs. Anders Johan (Alfrida Konstantia Brogren)",female,39,1,5,31.275,S
612,0,3,"Jardin, Mr. Jose Neto",male,28,0,0,7.05,S
613,1,3,"Murphy, Miss. Margaret Jane",female,28,1,0,15.5,Q
614,0,3,"Horgan, Mr. John",male,28,0,0,7.75,Q
615,0,3,"Brocklebank, Mr. William Alfred",male,35,0,0,8.05,S
617,0,3,"Danbom, Mr. Ernst Gilbert",male,34,1,1,14.4,S
618,0,3,"Lobb, Mrs. William Arthur (Cordelia K Stanlick)",female,26,1,0,16.1,S
620,0,2,"Gavey, Mr. Lawrence",male,26,0,0,10.5,S
621,0,3,"Yasbeck, Mr. Antoni",male,27,1,0,14.4542,C
623,1,3,"Nakid, Mr. Sahid",male,20,1,1,15.7417,C
624,0,3,"Hansen, Mr. Henry Damsgaard",male,21,0,0,7.8542,S
625,0,3,"Bowen, Mr. David John ""Dai""",male,21,0,0,16.1,S
629,0,3,"Bostandyeff, Mr. Guentcho",male,26,0,0,7.8958,S
630,0,3,"O'Connell, Mr. Patrick D",male,28,0,0,7.7333,Q
633,1,1,"Stahelin-Maeglin, Dr. Max",male,32,0,0,30.5,C
634,0,1,"Parr, Mr. William Henry Marsh",male,28,0,0,0,S
636,1,2,"Davis, Miss. Mary",female,28,0,0,13,S
637,0,3,"Leinonen, Mr. Antti Gustaf",male,32,0,0,7.925,S
638,0,2,"Collyer, Mr. Harvey",male,31,1,1,26.25,S
639,0,3,"Panula, Mrs. Juha (Maria Emilia Ojala)",female,41,0,5,39.6875,S
640,0,3,"Thorneycroft, Mr. Percival",male,28,1,0,16.1,S
641,0,3,"Jensen, Mr. Hans Peder",male,20,0,0,7.8542,S
647,0,3,"Cor, Mr. Liudevit",male,19,0,0,7.8958,S
649,0,3,"Willey, Mr. Edward",male,28,0,0,7.55,S
650,1,3,"Stanley, Miss. Amy Zillah Elsie",female,23,0,0,7.55,S
651,0,3,"Mitkoff, Mr. Mito",male,28,0,0,7.8958,S
652,1,2,"Doling, Miss. Elsie",female,18,0,1,23,S
653,0,3,"Kalvik, Mr. Johannes Halvorsen",male,21,0,0,8.4333,S
654,1,3,"O'Leary, Miss. Hanora ""Norah""",female,28,0,0,7.8292,Q
655,0,3,"Hegarty, Miss. Hanora ""Nora""",female,18,0,0,6.75,Q
657,0,3,"Radeff, Mr. Alexander",male,28,0,0,7.8958,S
658,0,3,"Bourke, Mrs. John (Catherine)",female,32,1,1,15.5,Q
659,0,2,"Eitemiller, Mr. George Floyd",male,23,0,0,13,S
662,0,3,"Badt, Mr. Mohamed",male,40,0,0,7.225,C
664,0,3,"Coleff, Mr. Peju",male,36,0,0,7.4958,S
665,1,3,"Lindqvist, Mr. Eino William",male,20,1,0,7.925,S
667,0,2,"Butler, Mr. Reginald Fenton",male,25,0,0,13,S
668,0,3,"Rommetvedt, Mr. Knud Paust",male,28,0,0,7.775,S
669,0,3,"Cook, Mr. Jacob",male,43,0,0,8.05,S
671,1,2,"Brown, Mrs. Thomas William Solomon (Elizabeth Catherine Ford)",female,40,1,1,39,S
674,1,2,"Wilhelms, Mr. Charles",male,31,0,0,13,S
675,0,2,"Watson, Mr. Ennis Hastings",male,28,0,0,0,S
676,0,3,"Edvardsson, Mr. Gustaf Hjalmar",male,18,0,0,7.775,S
677,0,3,"Sawyer, Mr. Frederick Charles",male,24.5,0,0,8.05,S
678,1,3,"Turja, Miss. Anna Sofia",female,18,0,0,9.8417,S
681,0,3,"Peters, Miss. Katie",female,28,0,0,8.1375,Q
683,0,3,"Olsvigen, Mr. Thor Anderson",male,20,0,0,9.225,S
687,0,3,"Panula, Mr. Jaako Arnold",male,14,4,1,39.6875,S
688,0,3,"Dakic, Mr. Branko",male,19,0,0,10.1708,S
689,0,3,"Fischer, Mr. Eberhard Thelander",male,18,0,0,7.7958,S
694,0,3,"Saad, Mr. Khalil",male,25,0,0,7.225,C
697,0,3,"Kelly, Mr. James",male,44,0,0,8.05,S
698,1,3,"Mullens, Miss. Katherine ""Katie""",female,28,0,0,7.7333,Q
700,0,3,"Humblen, Mr. Adolf Mathias Nicolai Olsen",male,42,0,0,7.65,S
702,1,1,"Silverthorne, Mr. Spencer Victor",male,35,0,0,26.2875,S
703,0,3,"Barbara, Miss. Saiide",female,18,0,1,14.4542,C
704,0,3,"Gallagher, Mr. Martin",male,25,0,0,7.7417,Q
705,0,3,"Hansen, Mr. Henrik Juul",male,26,1,0,7.8542,S
706,0,2,"Morley, Mr. Henry Samuel (""Mr Henry Marshall"")",male,39,0,0,26,S
707,1,2,"Kelly, Mrs. Florence ""Fannie""",female,45,0,0,13.5,S
708,1,1,"Calderhead, Mr. Edward Pennington",male,42,0,0,26.2875,S
710,1,3,"Moubarek, Master. Halim Gonios (""William George"")",male,28,1,1,15.2458,C
712,0,1,"Klaber, Mr. Herman",male,28,0,0,26.55,S
714,0,3,"Larsson, Mr. August Viktor",male,29,0,0,9.4833,S
716,0,3,"Soholt, Mr. Peter Andreas Lauritz Andersen",male,19,0,0,7.65,S
718,1,2,"Troutt, Miss. Edwina Celia ""Winnie""",female,27,0,0,10.5,S
719,0,3,"McEvoy, Mr. Michael",male,28,0,0,15.5,Q
720,0,3,"Johnson, Mr. Malkolm Joackim",male,33,0,0,7.775,S
722,0,3,"Jensen, Mr. Svend Lauritz",male,17,1,0,7.0542,S
723,0,2,"Gillespie, Mr. William Henry",male,34,0,0,13,S
726,0,3,"Oreskovic, Mr. Luka",male,20,0,0,8.6625,S
727,1,2,"Renouf, Mrs. Peter Henry (Lillian Jefferys)",female,30,3,0,21,S
728,1,3,"Mannion, Miss. Margareth",female,28,0,0,7.7375,Q
729,0,2,"Bryhl, Mr. Kurt Arnold Gottfrid",male,25,1,0,26,S
730,0,3,"Ilmakangas, Miss. Pieta Sofia",female,25,1,0,7.925,S
732,0,3,"Hassan, Mr. Houssein G N",male,11,0,0,18.7875,C
733,0,2,"Knight, Mr. Robert J",male,28,0,0,0,S
734,0,2,"Berriman, Mr. William John",male,23,0,0,13,S
735,0,2,"Troupiansky, Mr. Moses Aaron",male,23,0,0,13,S
736,0,3,"Williams, Mr. Leslie",male,28.5,0,0,16.1,S
739,0,3,"Ivanoff, Mr. Kanio",male,28,0,0,7.8958,S
740,0,3,"Nankoff, Mr. Minko",male,28,0,0,7.8958,S
741,1,1,"Hawksford, Mr. Walter James",male,28,0,0,30,S
744,0,3,"McNamee, Mr. Neal",male,24,1,0,16.1,S
745,1,3,"Stranden, Mr. Juho",male,31,0,0,7.925,S
747,0,3,"Abbott, Mr. Rossmore Edward",male,16,1,1,20.25,S
748,1,2,"Sinkkonen, Miss. Anna",female,30,0,0,13,S
750,0,3,"Connaghton, Mr. Michael",male,31,0,0,7.75,Q
753,0,3,"Vande Velde, Mr. Johannes Joseph",male,33,0,0,9.5,S
754,0,3,"Jonkoff, Mr. Lalio",male,23,0,0,7.8958,S
757,0,3,"Carlsson, Mr. August Sigfrid",male,28,0,0,7.7958,S
758,0,2,"Bailey, Mr. Percy Andrew",male,18,0,0,11.5,S
759,0,3,"Theobald, Mr. Thomas Leonard",male,34,0,0,8.05,S
761,0,3,"Garfirth, Mr. John",male,28,0,0,14.5,S
762,0,3,"Nirva, Mr. Iisakki Antino Aijo",male,41,0,0,7.125,S
763,1,3,"Barah, Mr. Hanna Assi",male,20,0,0,7.2292,C
765,0,3,"Eklund, Mr. Hans Linus",male,16,0,0,7.775,S
767,0,1,"Brewe, Dr. Arthur Jackson",male,28,0,0,39.6,C
768,0,3,"Mangan, Miss. Mary",female,30.5,0,0,7.75,Q
769,0,3,"Moran, Mr. Daniel J",male,28,1,0,24.15,Q
770,0,3,"Gronnestad, Mr. Daniel Danielsen",male,32,0,0,8.3625,S
771,0,3,"Lievens, Mr. Rene Aime",male,24,0,0,9.5,S
774,0,3,"Elias, Mr. Dibo",male,28,0,0,7.225,C
776,0,3,"Myhrman, Mr. Pehr Fabian Oliver Malkolm",male,18,0,0,7.75,S
777,0,3,"Tobin, Mr. Roger",male,28,0,0,7.75,Q
779,0,3,"Kilgannon, Mr. Thomas J",male,28,0,0,7.7375,Q
781,1,3,"Ayoub, Miss. Banoura",female,13,0,0,7.2292,C
783,0,1,"Long, Mr. Milton Clyde",male,29,0,0,30,S
784,0,3,"Johnston, Mr. Andrew G",male,28,1,2,23.45,S
785,0,3,"Ali, Mr. William",male,25,0,0,7.05,S
786,0,3,"Harmer, Mr. Abraham (David Lishin)",male,25,0,0,7.25,S
787,1,3,"Sjoblom, Miss. Anna Sofia",female,18,0,0,7.4958,S
791,0,3,"Keane, Mr. Andrew ""Andy""",male,28,0,0,7.75,Q
792,0,2,"Gaskell, Mr. Alfred",male,16,0,0,26,S
794,0,1,"Hoyt, Mr. William Fisher",male,28,0,0,30.6958,C
795,0,3,"Dantcheff, Mr. Ristiu",male,25,0,0,7.8958,S
796,0,2,"Otter, Mr. Richard",male,39,0,0,13,S
798,1,3,"Osman, Mrs. Mara",female,31,0,0,8.6833,S
799,0,3,"Ibrahim Shawah, Mr. Yousseff",male,30,0,0,7.2292,C
800,0,3,"Van Impe, Mrs. Jean Baptiste (Rosalie Paula Govaert)",female,30,1,1,24.15,S
801,0,2,"Ponesell, Mr. Martin",male,34,0,0,13,S
802,1,2,"Collyer, Mrs. Harvey (Charlotte Annie Tate)",female,31,1,1,26.25,S
805,1,3,"Hedman, Mr. Oskar Arvid",male,27,0,0,6.975,S
806,0,3,"Johansson, Mr. Karl Johan",male,31,0,0,7.775,S
807,0,1,"Andrews, Mr. Thomas Jr",male,39,0,0,0,S
808,0,3,"Pettersson, Miss. Ellen Natalia",female,18,0,0,7.775,S
809,0,2,"Meyer, Mr. August",male,39,0,0,13,S
811,0,3,"Alexander, Mr. William",male,26,0,0,7.8875,S
812,0,3,"Lester, Mr. James",male,39,0,0,24.15,S
813,0,2,"Slemen, Mr. Richard James",male,35,0,0,10.5,S
815,0,3,"Tomlin, Mr. Ernest Portage",male,30.5,0,0,8.05,S
816,0,1,"Fry, Mr. Richard",male,28,0,0,0,S
817,0,3,"Heininen, Miss. Wendla Maria",female,23,0,0,7.925,S
818,0,2,"Mallet, Mr. Albert",male,31,1,1,37.0042,C
819,0,3,"Holm, Mr. John Fredrik Alexander",male,43,0,0,6.45,S
820,0,3,"Skoog, Master. Karl Thorsten",male,10,3,2,27.9,S
822,1,3,"Lulic, Mr. Nikola",male,27,0,0,8.6625,S
823,0,1,"Reuchlin, Jonkheer. John George",male,38,0,0,0,S
824,1,3,"Moor, Mrs. (Beila)",female,27,0,1,12.475,S
826,0,3,"Flynn, Mr. John",male,28,0,0,6.95,Q
829,1,3,"McCormack, Mr. Thomas Joseph",male,28,0,0,7.75,Q
831,1,3,"Yasbeck, Mrs. Antoni (Selini Alexander)",female,15,1,0,14.4542,C
833,0,3,"Saad, Mr. Amin",male,28,0,0,7.2292,C
834,0,3,"Augustsson, Mr. Albert",male,23,0,0,7.8542,S
835,0,3,"Allum, Mr. Owen George",male,18,0,0,8.3,S
837,0,3,"Pasic, Mr. Jakob",male,21,0,0,8.6625,S
838,0,3,"Sirota, Mr. Maurice",male,28,0,0,8.05,S
840,1,1,"Marechal, Mr. Pierre",male,28,0,0,29.7,C
841,0,3,"Alhomaki, Mr. Ilmari Rudolf",male,20,0,0,7.925,S
842,0,2,"Mudd, Mr. Thomas Charles",male,16,0,0,10.5,S
843,1,1,"Serepeca, Miss. Augusta",female,30,0,0,31,C
844,0,3,"Lemberopolous, Mr. Peter L",male,34.5,0,0,6.4375,C
845,0,3,"Culumovic, Mr. Jeso",male,17,0,0,8.6625,S
846,0,3,"Abbing, Mr. Anthony",male,42,0,0,7.55,S
848,0,3,"Markoff, Mr. Marin",male,35,0,0,7.8958,C
849,0,2,"Harper, Rev. John",male,28,0,1,33,S
854,1,1,"Lines, Miss. Mary Conover",female,16,0,1,39.4,S
855,0,2,"Carter, Mrs. Ernest Courtenay (Lilian Hughes)",female,44,1,0,26,S
856,1,3,"Aks, Mrs. Sam (Leah Rosen)",female,18,0,1,9.35,S
859,1,3,"Baclini, Mrs. Solomon (Latifa Qurban)",female,24,0,3,19.2583,C
860,0,3,"Razi, Mr. Raihed",male,28,0,0,7.2292,C
861,0,3,"Hansen, Mr. Claus Peter",male,41,2,0,14.1083,S
862,0,2,"Giles, Mr. Frederick Edward",male,21,1,0,11.5,S
865,0,2,"Gill, Mr. John William",male,24,0,0,13,S
866,1,2,"Bystrom, Mrs. (Karolina)",female,42,0,0,13,S
867,1,2,"Duran y More, Miss. Asuncion",female,27,1,0,13.8583,C
869,0,3,"van Melkebeke, Mr. Philemon",male,28,0,0,9.5,S
871,0,3,"Balkic, Mr. Cerin",male,26,0,0,7.8958,S
873,0,1,"Carlsson, Mr. Frans Olof",male,33,0,0,5,S
875,1,2,"Abelson, Mrs. Samuel (Hannah Wizosky)",female,28,1,0,24,C
876,1,3,"Najib, Miss. Adele Kiamie ""Jane""",female,15,0,0,7.225,C
877,0,3,"Gustafsson, Mr. Alfred Ossian",male,20,0,0,9.8458,S
878,0,3,"Petroff, Mr. Nedelio",male,19,0,0,7.8958,S
879,0,3,"Laleff, Mr. Kristo",male,28,0,0,7.8958,S
881,1,2,"Shelley, Mrs. William (Imanita Parrish Hall)",female,25,0,1,26,S
882,0,3,"Markun, Mr. Johann",male,33,0,0,7.8958,S
883,0,3,"Dahlberg, Miss. Gerda Ulrika",female,22,0,0,10.5167,S
884,0,2,"Banfield, Mr. Frederick James",male,28,0,0,10.5,S
885,0,3,"Sutehall, Mr. Henry Jr",male,25,0,0,7.05,S
886,0,3,"Rice, Mrs. William (Margaret Norton)",female,39,0,5,29.125,Q
887,0,2,"Montvila, Rev. Juozas",male,27,0,0,13,S
888,1,1,"Graham, Miss. Margaret Edith",female,19,0,0,30,S
889,0,3,"Johnston, Miss. Catherine Helen ""Carrie""",female,28,1,2,23.45,S
890,1,1,"Behr, Mr. Karl Howell",male,26,0,0,30,C
891,0,3,"Dooley, Mr. Patrick",male,32,0,0,7.75,Q
